ID;Title;Content;Excerpt;Date;"Post Type";Permalink;"Image URL";"Image Filename";"Image Path";"Image ID";"Image Title";"Image Caption";"Image Description";"Image Alt Text";"Image Featured";"Attachment URL";"Attachment Filename";"Attachment Path";"Attachment ID";"Attachment Title";"Attachment Caption";"Attachment Description";"Attachment Alt Text";Catégories;Étiquettes;Status;"Author ID";"Author Username";"Author Email";"Author First Name";"Author Last Name";Slug;Format;Template;Parent;"Parent Slug";Order;"Comment Status";"Ping Status";"Post Modified Date"
731;"Comment l’intelligence artificielle transforme le développement web et la relation client";"<!-- wp:paragraph -->
<p>L’intelligence artificielle (IA) révolutionne profondément le développement web et la gestion de la relation client. Aujourd’hui, les entreprises peuvent automatiser certaines tâches, analyser les données utilisateurs et personnaliser l’expérience digitale grâce à des solutions intelligentes.</p>
<!-- /wp:paragraph -->

<!-- wp:paragraph -->
<p>Dans le domaine du développement web, l’IA permet d’optimiser la performance des sites, d’améliorer l’expérience utilisateur (UX) et de proposer des recommandations adaptées aux comportements des visiteurs.</p>
<!-- /wp:paragraph -->

<!-- wp:paragraph -->
<p>Du côté du service client, l’intégration d’outils intelligents facilite le traitement des demandes, améliore les délais de réponse et renforce la satisfaction client. Chez CM2S, nous intégrons ces innovations dans nos solutions d’externalisation afin d’offrir des services plus performants et plus compétitifs.</p>
<!-- /wp:paragraph -->

<!-- wp:paragraph -->
<p>L’IA devient ainsi un levier stratégique pour les entreprises souhaitant moderniser leurs opérations digitales.</p>
<!-- /wp:paragraph -->";;2025-08-26;post;https://cm2s-group.com/comment-lintelligence-artificielle-transforme-le-developpement-web-et-la-relation-client/;https://webenvue-mutualise-02.s3.eu-west-3.amazonaws.com/cm2s/2025/08/Comment-lintelligence-artificielle-transforme-le-developpement-web-et-la-relation-client.jpg;Comment-lintelligence-artificielle-transforme-le-developpement-web-et-la-relation-client.jpg;/var/www/cm2s-group.com/wp-content/uploads/2025/08/Comment-lintelligence-artificielle-transforme-le-developpement-web-et-la-relation-client.jpg;1239;"Comment l’intelligence artificielle transforme le développement web et la relation client";;;;https://webenvue-mutualise-02.s3.eu-west-3.amazonaws.com/cm2s/2025/08/Comment-lintelligence-artificielle-transforme-le-developpement-web-et-la-relation-client.jpg;;;;;;;;;"Non classé";;publish;2;mathieu.sagna;mathieusagna@cm2s-group.com;Mathieu;SAGNA;comment-lintelligence-artificielle-transforme-le-developpement-web-et-la-relation-client;;default;0;0;0;closed;closed;2026-03-09
755;"Les fondamentaux du développement web pour une entreprise performante";"<!-- wp:paragraph -->
<p>À l’ère du digital, disposer d’un site web professionnel n’est plus une option mais un levier stratégique de croissance. Un développement web performant repose sur plusieurs piliers essentiels : une architecture optimisée, un design responsive, une vitesse de chargement rapide et un référencement naturel (SEO) structuré.</p>
<!-- /wp:paragraph -->

<!-- wp:paragraph -->
<p>Chez CM2S, nous accompagnons les entreprises dans la création de sites web adaptés à leurs objectifs commerciaux. Un site efficace ne se limite pas à son apparence : il doit être conçu pour convertir, capter des prospects qualifiés et renforcer la crédibilité de la marque.</p>
<!-- /wp:paragraph -->

<!-- wp:paragraph -->
<p>L’intégration d’une stratégie SEO dès la phase de développement permet d’améliorer la visibilité sur Google, d’augmenter le trafic organique et de générer des opportunités commerciales durables.</p>
<!-- /wp:paragraph -->

<!-- wp:paragraph -->
<p>Un développement web maîtrisé est donc un investissement stratégique pour toute entreprise souhaitant se démarquer dans un environnement digital concurrentiel.</p>
<!-- /wp:paragraph -->";;2025-09-04;post;https://cm2s-group.com/la-meilleure-technologie-ne-vaut-rien-sans-lhumain-pour-la-porter/;https://webenvue-mutualise-02.s3.eu-west-3.amazonaws.com/cm2s/2025/09/Les-fondamentaux-du-developpement-web-pour-une-entreprise-performante.jpg|https://webenvue-mutualise-02.s3.eu-west-3.amazonaws.com/cm2s/2025/09/CM2S.jpg-1.jpg;Les-fondamentaux-du-developpement-web-pour-une-entreprise-performante.jpg|CM2S.jpg-1.jpg;/var/www/cm2s-group.com/wp-content/uploads/2025/09/Les-fondamentaux-du-developpement-web-pour-une-entreprise-performante.jpg|/var/www/cm2s-group.com/wp-content/uploads/2025/09/CM2S.jpg-1.jpg;1237|756;"Les fondamentaux du développement web pour une entreprise performante|CM2S.jpg 1";|;|;|;https://webenvue-mutualise-02.s3.eu-west-3.amazonaws.com/cm2s/2025/09/Les-fondamentaux-du-developpement-web-pour-une-entreprise-performante.jpg;;;;;;;;;"Non classé";;publish;2;mathieu.sagna;mathieusagna@cm2s-group.com;Mathieu;SAGNA;la-meilleure-technologie-ne-vaut-rien-sans-lhumain-pour-la-porter;;default;0;0;0;closed;closed;2026-03-09
1241;"Stratégies de hashtags efficaces pour accroître la visibilité sur les réseaux sociaux";"<!-- wp:paragraph -->
<p>Les hashtags jouent un rôle clé dans l’augmentation de la portée des publications sur les réseaux sociaux. Une stratégie de hashtags bien pensée permet d’améliorer la visibilité d’une marque, d’attirer une audience ciblée et d’augmenter l’engagement.</p>
<!-- /wp:paragraph -->

<!-- wp:paragraph -->
<p>Pour être efficace, l’utilisation des hashtags doit combiner mots-clés populaires et expressions spécifiques liées à votre secteur d’activité. Il est également essentiel d’analyser les performances afin d’ajuster la stratégie en fonction des résultats obtenus.</p>
<!-- /wp:paragraph -->

<!-- wp:paragraph -->
<p>Chez CM2S, nous accompagnons les entreprises dans la gestion de leurs réseaux sociaux en intégrant des techniques d’optimisation adaptées aux objectifs marketing. Une stratégie digitale cohérente permet non seulement d’augmenter la portée, mais aussi de transformer l’audience en prospects qualifiés.</p>
<!-- /wp:paragraph -->

<!-- wp:paragraph -->
<p>Une présence sociale structurée contribue directement au développement commercial et à la notoriété de la marque.</p>
<!-- /wp:paragraph -->";;2026-02-23;post;https://cm2s-group.com/strategies-de-hashtags-efficaces-pour-accroitre-la-visibilite-sur-les-reseaux-sociaux/;https://webenvue-mutualise-02.s3.eu-west-3.amazonaws.com/cm2s/2026/02/Strategies-de-hashtags-efficaces-pour-accroitre-la-visibilite-sur-les-reseaux-sociaux.jpg;Strategies-de-hashtags-efficaces-pour-accroitre-la-visibilite-sur-les-reseaux-sociaux.jpg;/var/www/cm2s-group.com/wp-content/uploads/2026/02/Strategies-de-hashtags-efficaces-pour-accroitre-la-visibilite-sur-les-reseaux-sociaux.jpg;1243;"Stratégies de hashtags efficaces pour accroître la visibilité sur les réseaux sociaux";;;;https://webenvue-mutualise-02.s3.eu-west-3.amazonaws.com/cm2s/2026/02/Strategies-de-hashtags-efficaces-pour-accroitre-la-visibilite-sur-les-reseaux-sociaux.jpg;;;;;;;;;"Non classé";;publish;2;mathieu.sagna;mathieusagna@cm2s-group.com;Mathieu;SAGNA;strategies-de-hashtags-efficaces-pour-accroitre-la-visibilite-sur-les-reseaux-sociaux;;;0;0;0;closed;closed;2026-03-09
