product_name,product_reference,product_type,product_category,description,price,currency,price_min,price_max,discount_price,tax_rate,short_description,features,brand,tags,keywords,stock_status,stock_quantity,weight,dimensions,colors,materials,availability,image_url,product_url,gallery_urls,video_url,status,language,visibility,created_at
Matelas HARMONIE,DM4102,Matelas,,"Le matelas HARMONIE allie confort et soutien personnalisé grâce à sa mousse à mémoire de forme et ses ressorts ensachés de 20 cm renforcés. Son tissu tricoté assure douceur et durabilité, tandis que la mousse respirante réduit les points de pression. Avec un tissu 3D respirant et une ventilation optimale, il garantit un sommeil paisible et réparateur.    GARANTIE 7 ANS. Le Matelas HARMONIE est conçu pour les personnes recherchant un confort équilibré avec un soutien dorsal de haute qualité. Grâce à son soutien spécifique pour le dos et ses matériaux respirants, il convient particulièrement aux personnes souffrant de douleurs musculaires ou articulaires, ainsi qu'à celles sensibles à la chaleur pendant la nuit. Il est également idéal pour les couples ou ceux qui partagent leur lit, grâce à ses ressorts ensachés indépendants qui minimisent les perturbations de sommeil. Ce matelas est parfait pour ceux qui recherchent une solution alliant confort, soutien et régulation thermique, tout en profitant d’une hygiène impeccable grâce à sa conception respirante.",,EUR,,,,,Le matelas HARMONIE combine mousse à mémoire de forme et ressorts ensachés 20cm pour un confort personnalisé et un soutien dorsal optimal. Sa technologie 3D respirante régule la température et réduit les points de pression. Garantie 7 ans.,0.72 560 L190 * l140 * H27 (cm)|0.86 775 L200 * l160 * H27 (cm),,,,,,,L190 * l140 * H27 (cm)|L200 * l160 * H27 (cm),,,,https://drmaxisliterie.re/assets/resources/products/64767ec9-f6ba-4800-ac11-c0855ebd709e.jpg,https://drmaxisliterie.re/produit/5/matelas-harmonie,https://drmaxisliterie.re/assets/resources/products/d7859abd-d581-4492-9d80-cafa9b72a4d5.jpg|https://drmaxisliterie.re/assets/resources/products/783ab31d-c60a-4a29-8487-e553de91652c.jpg|https://drmaxisliterie.re/assets/resources/products/64767ec9-f6ba-4800-ac11-c0855ebd709e.jpg,,active,fr,public,2025-06-06 11:26:13
Lit Elegance,Q02,Lit,,"Le Lit Élégance incarne parfaitement son nom, alliant raffinement et fonctionnalité pour un espace nuit sophistiqué. Sa structure en panneaux de particules garnis de mousse apporte une solidité discrète, enveloppée d’un revêtement en tissu PU qui évoque luxe et modernité. Le sommier intégré, associé à un piètement en métal au design minimaliste, renforce l'esthétique contemporaine du lit tout en assurant une stabilité irréprochable. Ses lignes épurées et ses finitions soignées font du Lit Élégance un choix intemporel, parfait pour sublimer une chambre avec une touche de distinction et de confort.",,EUR,,,,,Le Lit Élégance de Dr Maxis Literie combine raffinement et robustesse. Son design moderne et son soutien optimal promettent un sommeil réparateur et un espace nuit sophistiqué à La Réunion.,0.9 L225 * l200 * H112 (cm)|L225 * l180 * H112 (cm)|L225 * l200 * H112 (cm),,,,,,,L225 * l180 * H112 (cm)|L225 * l200 * H112 (cm),bleu marine|gris claire|maron,,,https://drmaxisliterie.re/assets/resources/products/fba42bb2-d58e-46c2-8001-f7c0d94710e3.png,https://drmaxisliterie.re/produit/49/lit-elegance,https://drmaxisliterie.re/assets/resources/products/fba42bb2-d58e-46c2-8001-f7c0d94710e3.png|https://drmaxisliterie.re/assets/resources/products/3df8f5dc-8a63-4e46-b5fe-c6e4d4438314.jpg,,active,fr,public,2025-06-06 16:35:23
Matelas HOTEL 4,32pb-28,Matelas,,"Le Matelas HOTEL 4 étoiles conçu pour offrir un confort optimal, ce matelas combine un tissu de haute qualité et des couches de mousse innovantes pour un soutien ferme et enveloppant. La mousse convolutée soulage les points de pression pour un sommeil réparateur. Les ressorts ensachés assurent une indépendance de couchage parfaite. Un choix idéal pour des nuits paisibles et confortables.    GARANTIE 7 ANS. Le Matelas HOTEL 4 étoiles est destiné à ceux qui recherchent une expérience de sommeil luxueuse, avec un confort optimal et un soutien inégalé. Parfait pour les personnes exigeantes, il convient particulièrement aux dormeurs cherchant à se réveiller en pleine forme, sans tensions ou douleurs corporelles. Il est idéal pour les couples, grâce à ses ressorts ensachés et son encadrement renforcé qui prévient les perturbations de sommeil. Un choix parfait pour ceux qui apprécient un confort de qualité supérieure au quotidien.",,EUR,,,,,"Matelas Hôtel 4 étoiles avec mousse innovante et ressorts ensachés. Confort ferme, indépendance de couchage et soutien optimal pour un sommeil réparateur. Idéal pour couples exigeants. Garantie 7 ans. Disponible à La Réunion.",0.13 336 L190 * l90 * H29 (cm)|0.20 560 L190 * l140 * H29 (cm)|0.23 690 L200 * l160 * H29 (cm)|0.26 780 L200 * l180 * H29 (cm)|0.29 900 L200 * l200 * H29 (cm),,,,,,,L190 * l140 * H29 (cm)|L190 * l90 * H29 (cm)|L200 * l160 * H29 (cm)|L200 * l180 * H29 (cm)|L200 * l200 * H29 (cm),,,,https://drmaxisliterie.re/assets/resources/blogs/d60b8a9b-6370-4024-83b5-dc24636d360d.jpg,https://drmaxisliterie.re/produit/6/matelas-hotel-4,https://drmaxisliterie.re/assets/resources/products/c340fe71-3af3-48b2-9665-6e1f95634432.jpg|https://drmaxisliterie.re/assets/resources/blogs/d60b8a9b-6370-4024-83b5-dc24636d360d.jpg|https://drmaxisliterie.re/assets/resources/products/22152571-aa7d-4bcf-9a13-6bf4d6f1510f.jpg|https://drmaxisliterie.re/assets/resources/products/f25370d6-1ed2-47c8-a70b-0d8912bb7757.jpg|https://drmaxisliterie.re/assets/resources/products/aee14321-df24-4829-8498-cd7777f9a118.jpg|https://drmaxisliterie.re/assets/resources/products/16261874-01ce-4b8c-911f-d78d435936d4.jpg|https://drmaxisliterie.re/assets/resources/products/d5ff6a58-bb4a-4698-ba3e-37076657f944.jpg,,active,fr,public,2025-06-09 10:18:02
Matelas Pedic Pro Sleep,xm-11,Matelas,,"Le Matelas PEDIC PRO SLEEP associe fibre de bambou antibactérienne et latex naturel pour un soutien ferme et un confort agréable. Les ressorts ensachés de 18 cm, renforcés sur les bords, assurent stabilité et durabilité. Son tissu 3D respirant favorise une ventilation optimale et un sommeil réparateur.    GARANTIE 7 ANS. Le PEDIC PRO SLEEP est idéal pour les personnes recherchant un matelas offrant à la fois confort, soutien et hygiène. Grâce à ses propriétés antibactériennes et résistantes aux acariens, il convient particulièrement aux personnes sujettes aux allergies. Sa construction ferme et son soutien renforcé autour des bords en font un choix parfait pour ceux qui préfèrent un matelas offrant une stabilité accrue et une bonne ventilation, tout en bénéficiant d'un confort prolongé chaque nuit.",,EUR,,,,,"Matelas PEDIC PRO SLEEP en latex naturel et fibre de bambou antibactérienne. Confort ferme, ressorts ensachés 18 cm, tissu 3D respirant. Idéal pour allergiques. Stabilité, hygiène et ventilation optimales. Garantie 7 ans.",0.45 364 L190 * l90 * H26 (cm)|0.69 560 L200 * l140 * H26 (cm)|0.83 775 L200 * l160 * H26 (cm),,,,,,,L190 * l90 * H26 (cm)|L200 * l140 * H26 (cm)|L200 * l160 * H26 (cm),,,,https://drmaxisliterie.re/assets/resources/products/35ddc3a3-a44a-44af-885c-c7428d215c2a.jpg,https://drmaxisliterie.re/produit/8/matelas-pedic-pro-sleep,https://drmaxisliterie.re/assets/resources/products/35ddc3a3-a44a-44af-885c-c7428d215c2a.jpg|https://drmaxisliterie.re/assets/resources/products/73edcaa6-ca0c-4805-906b-46cf23d18290.jpg|https://drmaxisliterie.re/assets/resources/products/d501b6fa-65fe-4023-aef3-90c02b76cde9.jpg|https://drmaxisliterie.re/assets/resources/products/5624a069-bf07-46c4-9968-a7406a0136e2.jpg,,active,fr,public,2025-06-09 10:38:03
Matelas N°2 Maxis,xm1302,Matelas,,"Le Matelas MAXIS N°2 combine confort et fraîcheur avec son tissu en soie glacée. La mousse hydrophile et la mousse à mémoire de forme épousent le corps et soulagent les points de pression. L'éponge haute densité et la mousse respirante assurent une ventilation optimale. Le latex naturel et les ressorts ensachés offrent un soutien zoné et une indépendance de couchage. Le coton thermolié garantit une gestion efficace de l'humidité.    GARANTIE 10 ANS. Le Matelas MAXIS N°2 est conçu pour ceux qui recherchent un matelas à la fois rafraîchissant et soutenant. Il est particulièrement adapté aux personnes ayant tendance à avoir chaud pendant la nuit grâce à son tissu rafraîchissant et sa mousse respirante. Ce matelas convient également aux couples grâce à ses ressorts ensachés indépendants, minimisant les perturbations liées aux mouvements nocturnes. Parfait pour les personnes souffrant de douleurs corporelles, il offre un soutien ergonomique avec ses différentes couches de mousse et de latex naturel. Enfin, sa structure adaptée à une ventilation optimale en fait un choix idéal pour ceux recherchant un matelas à la fois confortable et hygiénique.",,EUR,,,,,"Le matelas MAXIS N°2 allie confort et fraîcheur grâce à son tissu en soie glacée rafraîchissant. Sa mousse à mémoire épouse le corps et soulage les points de pression, tandis que sa ventilation optimale et son coton thermolié garantissent une hygiène parfaite. Garantie 10 ans.",1.22 775 L200 * l160 * H38 (cm)|1.37 868 L200 * l180 * H38 (cm),,,,,,,L200 * l160 * H38 (cm)|L200 * l180 * H38 (cm),,,,https://drmaxisliterie.re/assets/resources/products/617ba203-9ca0-4511-a0e0-c99b9aba6333.jpg,https://drmaxisliterie.re/produit/11/matelas-n2-maxis,https://drmaxisliterie.re/assets/resources/products/e3085474-696e-4dab-9ae7-62b482580164.jpg|https://drmaxisliterie.re/assets/resources/products/bfb52634-5f82-4c0e-85a9-d98b16f67967.jpg|https://drmaxisliterie.re/assets/resources/products/0005295c-3ab7-4aea-83f1-77aca70ddef3.jpg|https://drmaxisliterie.re/assets/resources/products/e0f005b8-68dd-43fa-a4fb-2d332c6b2c1d.jpg|https://drmaxisliterie.re/assets/resources/products/95de8d07-b0e9-47da-b8fd-29698dbcfe81.jpg|https://drmaxisliterie.re/assets/resources/products/617ba203-9ca0-4511-a0e0-c99b9aba6333.jpg,,active,fr,public,2025-06-09 10:54:29
Matelas Grand Royale,xm16,Matelas,,"Le Matelas GRAND ROYALE offre un confort optimal grâce à son tissu en soie glacée de 650g et à sa mousse à mémoire de forme en gel. Son latex naturel de 5 cm assure un soutien ferme et durable, tandis que les ressorts ensachés indépendants répartis en 5 zones garantissent une indépendance de couchage parfaite. Renforcé autour des bords, il offre stabilité et soutien. Le tissu tricoté et le coton thermolié assurent une excellente ventilation pour un sommeil frais et hygiénique.    GARANTIE 10 ANS. Le Matelas GRAND ROYALE est destiné à ceux qui recherchent le confort absolu et un soutien personnalisé. Parfait pour les personnes souffrant de douleurs corporelles ou de tensions musculaires, ce matelas leur offre un soutien dorsal optimal grâce à la combinaison de mousse à mémoire de forme et de latex naturel. Il est particulièrement adapté aux couples ou aux personnes partageant leur lit, grâce à ses ressorts ensachés indépendants qui minimisent les perturbations liées aux mouvements nocturnes. Ce matelas haut de gamme conviendra également à ceux qui ont tendance à avoir chaud la nuit, en raison de son tissu rafraîchissant et de sa mousse respirante, pour garantir une température idéale et un sommeil réparateur.",,EUR,,,,,"Le matelas GRAND ROYALE combine soie glacée, mousse à mémoire de forme en gel et latex naturel pour un soutien ferme et durable. Ses ressorts ensachés répartis en 5 zones et tissu tricoté coton thermolié garantissent confort premium. Garantie 10 ans.",1.15 775 L200 * l160 * H36 (cm)|1.30 868 L200 * l180 * H36 (cm),,,,,,,L200 * l160 * H36 (cm)|L200 * l180 * H36 (cm),,,,https://drmaxisliterie.re/assets/resources/products/a48d7962-dbcd-4167-97c6-1ddb918093e0.jpg,https://drmaxisliterie.re/produit/12/matelas-grand-royale,https://drmaxisliterie.re/assets/resources/products/a48d7962-dbcd-4167-97c6-1ddb918093e0.jpg|https://drmaxisliterie.re/assets/resources/products/4946a242-5868-4b76-ad08-a02f7a436f38.jpg|https://drmaxisliterie.re/assets/resources/products/83728188-e42c-45b4-909b-d96137eda720.jpg|https://drmaxisliterie.re/assets/resources/products/62156a11-1afa-4661-b9d8-48699ddebfca.jpg|https://drmaxisliterie.re/assets/resources/products/9f965bd9-87c5-4585-a94c-fb07d7daa59f.jpg,,active,fr,public,2025-06-09 10:58:10
Matelas Cool Violet,dm3906,Matelas,,"Le Matelas COOL VIOLET offre une expérience de sommeil rafraîchissante grâce à son tissu en soie glacée et coton sans colle, régulant la température. La mousse à mémoire de forme swirl et la mousse respirante s'adaptent à la silhouette, apportant un soutien ciblé et réduisant les points de pression. Le latex naturel et l’éponge ajoutent un confort ferme et agréable. Les ressorts ensachés indépendants, renforcés sur les bords, assurent stabilité et indépendance de couchage. Ce matelas haut de gamme garantit un sommeil réparateur et un confort optimal, quelles que soient les conditions climatiques.    GARANTIE 10 ANS. Le Matelas COOL VIOLET est idéal pour les personnes recherchant un sommeil réparateur dans un environnement frais et confortable. Grâce à son tissu rafraîchissant et sa mousse à mémoire de forme, il est parfait pour les dormeurs qui souffrent de chaleur nocturne. Ce matelas conviendra également aux couples ou aux personnes qui apprécient une indépendance de couchage totale, tout en bénéficiant d'un soutien optimal. Un excellent choix pour ceux qui souhaitent combiner confort de luxe et régulation thermique, tout en ayant la garantie d’un sommeil profond et agréable.",,EUR,,,,,"Le matelas COOL VIOLET de Dr Maxis Literie La Réunion offre un sommeil réparateur avec mousse à mémoire de forme swirl, soie glacée et ressorts ensachés indépendants. Confort luxueux rafraîchissant pour couples. Garantie 10 ans.",1.28 775 L200 * l160 * H40 (cm)|1.44 868 L200 * l180 * H40 (cm),,,"matelas La Réunion, Dr Maxis Literie, sommeil réparateur ,  mousse à mémoire de forme , confort luxueux , ressorts ensachés , couples , garantie 10 ans",,,,L200 * l160 * H40 (cm)|L200 * l180 * H40 (cm),,,,https://drmaxisliterie.re/assets/resources/products/9a5523a3-986e-43f2-9257-df0f5a71711a.jpg,https://drmaxisliterie.re/produit/13/matelas-cool-violet,https://drmaxisliterie.re/assets/resources/products/4f1c0008-c1dc-413f-8110-917d44a98b5d.jpg|https://drmaxisliterie.re/assets/resources/products/4abe455d-1b06-44fd-a2cd-6a031d19e120.jpg|https://drmaxisliterie.re/assets/resources/products/9a5523a3-986e-43f2-9257-df0f5a71711a.jpg|https://drmaxisliterie.re/assets/resources/products/fb87e29a-8281-4dde-a615-35e9609f6e8e.jpg|https://drmaxisliterie.re/assets/resources/products/88701dfd-847a-4445-ae86-fdfda559370d.jpg,,active,fr,public,2025-06-09 11:05:26
Matelas Maxis Cool,xm5,Matelas,,"Le Matelas MAXIS COOL offre un confort optimal avec son tissu rafraîchissant en soie glacée et sa mousse à mémoire hydrophile qui s’adapte aux contours du corps. L’éponge haute densité et la mousse respirante assurent une ventilation idéale pour un sommeil frais et agréable. Les ressorts ensachés indépendants de 22 cm apportent un soutien zoné et une parfaite indépendance de couchage. Ce matelas garantit une gestion de l'humidité efficace grâce à son coton thermolié. Il offre ainsi un confort durable pour un sommeil réparateur.    GARANTIE 10 ANS. Le Matelas MAXIS COOL est parfait pour ceux qui cherchent à combiner confort, soutien et régulation thermique. Il convient particulièrement aux personnes qui ont tendance à avoir chaud la nuit grâce à son tissu rafraîchissant en soie glacée et sa mousse respirante. Ce matelas est également idéal pour les couples ou ceux qui partagent leur lit, grâce à ses ressorts ensachés indépendants qui minimisent les perturbations dues aux mouvements nocturnes. Enfin, avec sa mousse à mémoire de forme et son soutien zoné, il est recommandé pour ceux souffrant de douleurs corporelles ou de tensions musculaires, en apportant un soutien adapté à chaque zone du corps pour un confort optimal.",,EUR,,,,,Le matelas MAXIS COOL de Dr Maxis Literie La Réunion combine soie glacée rafraîchissante et mousse à mémoire hydrophile avec ressorts ensachés 22cm. Soutien zoné optimal pour couples et sommeil réparateur. Garantie 10 ans.,1.09 757 L200 * l160 * H34 (cm)|1.22 868 L200 * l180 * H34 (cm),,,"matelas La Réunion , Dr Maxis Literie , soie glacée rafraîchissante, mousse à mémoire hydrophile, ressorts ensachés , soutien zoné ,  sommeil réparateur, couples , garantie 10",,,,L200 * l160 * H34 (cm)|L200 * l180 * H34 (cm),,,,https://drmaxisliterie.re/assets/resources/products/da1ad3cf-bc73-4f35-830b-2a4c7273fc8e.jpg,https://drmaxisliterie.re/produit/14/matelas-maxis-cool,https://drmaxisliterie.re/assets/resources/products/9f2e92c6-33a1-4048-adea-aeeb0f7562e5.jpg|https://drmaxisliterie.re/assets/resources/products/60062cba-f95d-4d2c-8a22-53f8c6e8820c.jpg|https://drmaxisliterie.re/assets/resources/products/8cce77b0-fc34-46a1-ad34-57233e342128.jpg|https://drmaxisliterie.re/assets/resources/products/bc46b7fc-f4be-4fcc-847c-5c3db7ca0201.jpg|https://drmaxisliterie.re/assets/resources/products/da1ad3cf-bc73-4f35-830b-2a4c7273fc8e.jpg,,active,fr,public,2025-06-09 11:09:28
Matelas Ambassadeur,dm3907,Matelas,,"Le Matelas AMBASSADEUR combine confort luxueux et soutien durable avec son tissu en soie glacée et coton sans colle. Sa mousse haute élasticité et latex naturel de 3 cm offrent un soutien ferme, tout en épousant les courbes du corps. La mousse à mémoire de forme et l’éponge réduisent les points de pression et améliorent la circulation. Les ressorts ensachés de 20 cm assurent stabilité et indépendance de couchage. Son tissu respirant 3D garantit une ventilation idéale et un confort optimal pendant toute la nuit.    GARANTIE 10 ANS. Le Matelas AMBASSADEUR est destiné à ceux qui recherchent un confort haut de gamme avec un soutien personnalisé. Parfait pour les personnes qui ont besoin d’un matelas offrant à la fois fermeté et douceur, il est particulièrement adapté aux dormeurs qui souffrent de douleurs dorsales ou de tensions musculaires. Sa structure renforcée et ses ressorts ensachés en font une option idéale pour les couples, car elle minimise les perturbations liées aux mouvements nocturnes. Ce matelas est un choix idéal pour les personnes soucieuses d’obtenir un sommeil réparateur et durable, tout en profitant d’une sensation de fraîcheur pendant la nuit.",,EUR,,,,,Le matelas AMBASSADEUR spécialiste literie combine latex naturel 3cm et tissu 3D respirant. Soulage mal de dos avec ressorts ensachés 20cm. Idéal douleurs dorsales et tensions musculaires. 10 ans garantie.,1.12 775 L200 * l160 * H35 (cm)|1.22 868 L200 * l180 * H35 (cm),,,,,,,L200 * l160 * H35 (cm)|L200 * l180 * H35 (cm),,,,https://drmaxisliterie.re/assets/resources/products/ac25d714-e552-4192-bc0e-618bcb2314ad.jpg,https://drmaxisliterie.re/produit/16/matelas-ambassadeur,https://drmaxisliterie.re/assets/resources/products/ac25d714-e552-4192-bc0e-618bcb2314ad.jpg|https://drmaxisliterie.re/assets/resources/products/15ff25e9-ef89-4730-a3de-a16e60711014.jpg|https://drmaxisliterie.re/assets/resources/products/f6895caf-8765-443b-9294-72ce5766426e.jpg|https://drmaxisliterie.re/assets/resources/products/66498df1-0e66-4201-ab95-5724709a002f.jpg,,active,fr,public,2025-06-09 11:19:29
Matelas Palace,dm3908,Matelas,,"Le Matelas PALACE allie confort et luxe avec son tissu doux et son matelassage en soie naturelle, qui régule la température pour un sommeil optimal. L’éponge de 4 cm renforce le soutien, tandis que les ressorts ensachés individuels assurent une indépendance de couchage et un soutien zoné. Le tissu respirant favorise une circulation d'air idéale, évitant l’accumulation de chaleur. Les renforts autour des bords offrent une stabilité et une durabilité accrues.    GARANTIE 10 ANS. Le Matelas PALACE est destiné aux personnes recherchant le summum du confort et du luxe dans leur literie. Il convient particulièrement à ceux qui privilégient un accueil doux et un soutien optimal grâce à ses matériaux haut de gamme tels que le duvet d'oie et la soie naturelle. Ce matelas est idéal pour les couples, car ses ressorts ensachés individuels offrent une indépendance de couchage parfaite, réduisant les perturbations dues aux mouvements. Avec sa capacité à réguler la température et son tissu respirant, il est également recommandé pour ceux qui recherchent une nuit de sommeil fraîche et agréable. Enfin, sa construction robuste et ses renforts autour des bords en font un excellent choix pour ceux qui apprécient la stabilité et la durabilité.",,EUR,,,,,Le matelas PALACE literie haut de gamme offre matelassage soie naturelle et éponge 4cm avec ressorts individuels. Régulation température optimale et tissu respirant. Stabilité renforcée pour couples. 10 ans garantie.,1.06 890 L200 * l160 * H33 (cm)|1.19 990 L200 * l180 * H33 (cm),,,,,,,L200 * l160 * H33 (cm)|L200 * l180 * H33 (cm),,,,https://drmaxisliterie.re/assets/resources/products/9d5c24a5-db36-4fae-8bc4-6498eccd7baa.jpg,https://drmaxisliterie.re/produit/17/matelas-palace,https://drmaxisliterie.re/assets/resources/products/9d5c24a5-db36-4fae-8bc4-6498eccd7baa.jpg,,active,fr,public,2025-06-09 11:24:07
Matelas Relax Zone,dm4101,Matelas,,"Le Matelas RELAX ZONE offre un sommeil optimal avec un tissu rafraîchissant en soie glacée et un coton sans colle pour une surface agréable. Sa mousse en forme de caisson et son éponge réduisent les points de pression, tandis que la mousse à mémoire de forme s’adapte aux contours du corps pour un soutien personnalisé. Les ressorts ensachés de 20 cm assurent indépendance de couchage et stabilité. Le tissu respirant 3D régule la température pour un confort durable. Idéal pour un sommeil réparateur, quel que soit la position.    GARANTIE 10 ANS. Le Matelas RELAX ZONE est destiné aux personnes recherchant un soutien optimal avec une fraîcheur constante durant la nuit. Il convient particulièrement aux dormeurs ayant des besoins de soutien dorsal spécifique ou souffrant de douleurs corporelles, grâce à sa mousse à mémoire de forme et son latex naturel. Ce modèle est également parfait pour les couples ou les personnes sensibles aux mouvements nocturnes, grâce à ses ressorts ensachés indépendants. Idéal pour ceux qui recherchent un sommeil réparateur et confortable, tout en bénéficiant d’une régulation thermique efficace, il est aussi un excellent choix pour les personnes soucieuses de maintenir une hygiène optimale grâce à sa conception respirante.",,EUR,,,,,Le matelas RELAX ZONE sommeil optimal propose mousse caisson et coton sans colle avec tissu 3D régulateur. Soutien dorsal spécifique pour toutes positions. Hygiène optimale et fraîcheur constante. 10 ans garantie.,1.09 775 L200 * l160 * H34 (cm)|1.24 868 L200 * l180 * H34 (cm),,,,,,,L200 * l160 * H34 (cm)|L200 * l180 * H34 (cm),,,,https://drmaxisliterie.re/assets/resources/products/7fc19942-fd71-42f7-84bc-b513074b699f.jpg,https://drmaxisliterie.re/produit/20/matelas-relax-zone,https://drmaxisliterie.re/assets/resources/products/ab431a91-0861-4ecc-a0a9-d65f61fa5de2.jpg|https://drmaxisliterie.re/assets/resources/products/5449314c-698e-478d-b414-ff783e4cf676.jpg|https://drmaxisliterie.re/assets/resources/products/7fc19942-fd71-42f7-84bc-b513074b699f.jpg|https://drmaxisliterie.re/assets/resources/products/6c3b9ee9-3e7a-44c5-ae36-5fcc9648287e.jpg,,active,fr,public,2025-06-09 11:40:14
Matelas Starry Night,dm3902,Matelas,,"Le Matelas STARRY NIGHT offre un confort exceptionnel grâce à sa mousse à mémoire de forme et ses ressorts ensachés indépendants. Sa mousse respirante et son éponge soulagent les points de pression, tandis que l’adaptation aux contours du corps offre un soutien personnalisé. Le tissu 3D respirant et le coton thermolié assurent une ventilation idéale pour une température optimale. Les renforts autour des bords garantissent stabilité et longévité. Ce matelas combine technologie et confort pour un sommeil réparateur.    GARANTIE 10 ANS. Le Matelas STARRY NIGHT est conçu pour ceux qui recherchent un confort sur mesure et un soutien optimal. Idéal pour les personnes souffrant de tensions musculaires ou de douleurs corporelles, il offre un soulagement de la pression tout en favorisant une bonne posture pendant la nuit grâce à sa mousse à mémoire de forme et ses ressorts ensachés indépendants. Ce matelas est également parfait pour les couples, en raison de ses ressorts ensachés qui minimisent les perturbations dues aux mouvements nocturnes. Son tissu respirant et sa capacité à réguler la température le rendent également adapté aux personnes ayant tendance à avoir chaud la nuit, garantissant ainsi un sommeil réparateur et agréable.",,EUR,,,,,Le matelas STARRY NIGHT confort sur mesure offre adaptation contours corps avec éponge soulagement et coton thermolié. Idéal tensions musculaires et bonne posture nocturne. Technologie avancée certifiée. 10 ans garantie.,1.06 775 L200 * l160 * H33 (cm)|1.19 868 L200 * l180 * H33 (cm)|1.32 961 L200 * l200 * H33 (cm),,,,,,,L200 * l160 * H33 (cm)|L200 * l180 * H33 (cm)|L200 * l200 * H33 (cm),,,,https://drmaxisliterie.re/assets/resources/products/64abf947-a3af-4553-909e-eaef1584ee8b.jpg,https://drmaxisliterie.re/produit/22/matelas-starry-night,https://drmaxisliterie.re/assets/resources/products/0c55cdd2-6487-40f5-838f-f676e2e05c9d.jpg|https://drmaxisliterie.re/assets/resources/products/4027147f-00a9-4f0a-ac1d-5c1667b7caf6.jpg|https://drmaxisliterie.re/assets/resources/products/fff56b93-aafb-4734-9625-23d97064b8d6.jpg|https://drmaxisliterie.re/assets/resources/products/64abf947-a3af-4553-909e-eaef1584ee8b.jpg|https://drmaxisliterie.re/assets/resources/products/387fe681-93b9-48cc-aad3-89a05c790aad.jpg,,active,fr,public,2025-06-09 11:48:13
Matelas Privilege,MP,Matelas,,"Le Matelas Privilège offre un confort supérieur grâce à son tissu jacquard personnalisé. Il soulage les points de pression et améliore la circulation sanguine, tout en offrant un soutien dorsal optimal grâce à sa mousse à mémoire de forme. Ses ressorts ensachés indépendants garantissent une indépendance de couchage et une stabilité accrue. Le tissu respirant 3D et le coton thermolié assurent une excellente ventilation, maintenant une température idéale toute la nuit. Ce matelas allie confort et technologie pour un sommeil réparateur.    GARANTIE 7 ANS. Le Matelas Privilège est idéal pour les personnes recherchant un confort de luxe avec un soutien dorsal exceptionnel. Grâce à sa mousse à mémoire de forme et son latex naturel, il est particulièrement adapté aux personnes souffrant de douleurs dorsales ou de tensions musculaires. Ce matelas convient également aux couples, grâce à ses ressorts ensachés indépendants qui réduisent les perturbations de sommeil dues aux mouvements nocturnes. Parfait pour ceux qui recherchent une solution haut de gamme alliant confort, soutien personnalisé et régulation thermique, il est idéal pour ceux qui souhaitent profiter d’une nuit de sommeil réparatrice dans un environnement confortable et sain.",,EUR,,,,,Le matelas PRIVILEGE 160x200 tissu jacquard personnalisé améliore circulation sanguine avec coton thermolié. Soutien dorsal exceptionnel pour environnement confortable sain. Idéal solution haut de gamme. 7 ans garantie.,L200 * l160 * H25 (cm),,,,,,,L200 * l160 * H25 (cm),,,,https://drmaxisliterie.re/assets/resources/products/7fc3d76a-6db0-4ec1-90e3-78cd57bc41a8.jpg,https://drmaxisliterie.re/produit/24/matelas-privilege,https://drmaxisliterie.re/assets/resources/products/7fc3d76a-6db0-4ec1-90e3-78cd57bc41a8.jpg|https://drmaxisliterie.re/assets/resources/blogs/2d66e04b-f135-4275-bb74-b3de477efa8a.jpg,,active,fr,public,2025-06-09 11:56:15
Matelas Elite Confort,dm4302,Matelas,,"Le Matelas ELITE CONFORT, motorisé et relevable à l'aide de sa télécommande combine luxe et soutien avec son tissu jacquard personnalisé et sa mousse à mémoire de forme Zero-Gravity de 2 cm, qui soulage les points de pression et améliore la circulation sanguine. Son éponge de 10 cm garantit un soutien ferme et durable. Le cadre en acier au carbone renforce la stabilité, tandis que le coton thermocollé et le tissu respirant assurent une circulation optimale de l'air. Ce matelas offre un confort exceptionnel et un environnement sain pour un sommeil réparateur.    GARANTIE 10 ANS. Le Matelas ELITE CONFORT est destiné aux personnes exigeantes en quête d'un confort ultime et d'une performance de qualité supérieure. Il est parfait pour ceux qui souffrent de tensions musculaires ou de points de pression grâce à son système de mousse à mémoire de forme qui épouse les contours du corps et soulage les zones sensibles. Ce matelas est idéal pour les personnes recherchant une fermeté constante et un excellent soutien tout au long de la nuit, notamment grâce à son éponge haute densité et son cadre en acier au carbone. Grâce à sa technologie respirante, il convient également à ceux qui privilégient un environnement de sommeil frais et hygiénique. Parfait pour les couples, son soutien indépendant réduit les perturbations dues aux mouvements nocturnes.",,EUR,,,,,"Le matelas ELITE CONFORT motorisé télécommande combine mousse Zero-Gravity 2cm et cadre acier carbone. Améliore circulation sanguine, éponge 10cm ferme. Matelas relevable pour confort ultime. 10 ans garantie.",0.80 890 L200 * l160 * H25 (cm)|0.90 990 L200 * l180 * H25 (cm),,,,,,,L200 * l160 * H25 (cm)|L200 * l180 * H25 (cm),,,,https://drmaxisliterie.re/assets/resources/products/4c607a1b-0b6b-4a76-9b19-2973aad14e74.jpg,https://drmaxisliterie.re/produit/25/matelas-elite-confort,https://drmaxisliterie.re/assets/resources/products/fef23f86-123d-4e3a-9105-eaa98f7a3225.jpg|https://drmaxisliterie.re/assets/resources/products/4c607a1b-0b6b-4a76-9b19-2973aad14e74.jpg|https://drmaxisliterie.re/assets/resources/products/6376cba6-3fa7-4f12-af76-a83a6ad23696.jpg|https://drmaxisliterie.re/assets/resources/products/9d0fa90d-710e-4e72-a021-5ff96cdff88c.jpg,,active,fr,public,2025-06-09 11:59:12
Lit Zen,mb3681zt,Lit,,"Le Lit Zen allie simplicité élégante et confort moderne pour sublimer votre espace de sommeil. Sa structure en panneaux de particules garnis de mousse assure une robustesse durable tout en offrant un toucher agréable. Revêtu d’un tissu en microfibre, il s’intègre harmonieusement dans tous les styles de chambres, ajoutant une touche de sobriété et de raffinement. Le sommier intégré garantit un soutien optimal pour votre matelas, favorisant un sommeil réparateur. Grâce à son design épuré et ses finitions de haute qualité, le Lit Zen est une invitation à la détente et au bien-être, idéal pour créer une ambiance apaisante dans votre espace nuit.",,EUR,,,,,Le lit ZEN mobilier bien-être allie design épuré et tissu microfibre. Structure panneaux particules mousse avec sommier intégré pour ambiance apaisante. Finitions haute qualité créent espace nuit harmonieux et détente.,0.14 L199 * l146 * H106 (cm)|0.16 L209 * l166 * H106 (cm)|0.17 L209 * l186 * H106 (cm),,,,,,,L199 * l146 * H106 (cm)|L209 * l166 * H106 (cm)|L209 * l186 * H106 (cm),beige|gris claire,,,https://drmaxisliterie.re/assets/resources/products/67367dcd-bec0-4c3e-93ac-0d077abdf74b.png,https://drmaxisliterie.re/produit/37/lit-zen,https://drmaxisliterie.re/assets/resources/products/0f174063-9787-43d5-aac8-33343dde6a53.jpg|https://drmaxisliterie.re/assets/resources/products/3c1a711a-ad7a-469a-8f93-9c1b5f8d69e9.jpg|https://drmaxisliterie.re/assets/resources/products/35a5432e-b18a-4393-8f42-9bb45673d547.png|https://drmaxisliterie.re/assets/resources/products/afd4cb21-b209-4022-af86-6d4521d9bda1.jpg|https://drmaxisliterie.re/assets/resources/products/64d427cc-8f62-4d6c-a1d5-17136103ee1c.jpg|https://drmaxisliterie.re/assets/resources/products/67367dcd-bec0-4c3e-93ac-0d077abdf74b.png|https://drmaxisliterie.re/assets/resources/products/5343d658-eae8-45ab-b8c2-3bc756043a1c.jpg,,active,fr,public,2025-06-09 12:07:08
Lit Prestige,mp3615zt,Lit,,"Le Lit Prestige est la parfaite alliance entre sophistication et robustesse, conçu pour ceux qui recherchent un mobilier à la fois élégant et fonctionnel. Sa structure en panneaux de particules garnis de mousse offre un confort doux et une solidité durable, tandis que son revêtement en microfibre apporte une touche de raffinement et de modernité. Le sommier intégré assure un soutien optimal, et le piètement en métal noir, au design épuré, confère au lit une allure contemporaine et intemporelle. Avec le Lit Prestige, transformez votre chambre en un espace de repos élégant et chaleureux, où confort et style se rencontrent parfaitement.",,EUR,,,,,Le lit PRESTIGE mobilier élégant combine structure panneaux mousse et revêtement microfibre avec piètement métal noir. Design contemporain intemporel pour chambre raffinée. Sophistication et robustesse garanties. Soutien optimal intégré.,0.85 L223 * l200 * H126 (cm)|0.92 L223 * l220 * H126 (cm),,,,,,,L223 * l200 * H126 (cm)|L223 * l220 * H126 (cm),beige|gris,,,https://drmaxisliterie.re/assets/resources/products/7fb697ad-fb6b-432b-a092-4d96ef991feb.png,https://drmaxisliterie.re/produit/38/lit-prestige,https://drmaxisliterie.re/assets/resources/products/b410cc58-7207-4062-a0bf-337014c5f589.jpg|https://drmaxisliterie.re/assets/resources/products/7fb697ad-fb6b-432b-a092-4d96ef991feb.png|https://drmaxisliterie.re/assets/resources/products/deacd5e8-ff54-4266-b067-7b09b1a07167.png|https://drmaxisliterie.re/assets/resources/products/ecafcf6f-bc82-408c-b6a4-020d56598d7f.jpg|https://drmaxisliterie.re/assets/resources/products/46235c98-8b2b-49f8-9793-2586959f765a.jpg|https://drmaxisliterie.re/assets/resources/products/ea82283a-d9fd-45ed-8126-d78e9c8a9f64.jpg|https://drmaxisliterie.re/assets/resources/products/5eda875a-1459-4a19-b486-441cfbe34962.jpg,,active,fr,public,2025-06-09 12:17:19
Lit Confort,mb3610zt,Lit,,"Le Lit Confort incarne l’équilibre parfait entre détente et style contemporain. Sa structure en panneaux de particules garnis de mousse assure une solidité et un confort durable, tout en étant enveloppée d'un tissu microfibre bleu clair, apportant une touche de douceur et de fraîcheur à votre chambre. Le sommier intégré assure un soutien optimal pour un sommeil réparateur. Avec ses lignes simples et son revêtement moderne, le Lit Confort crée un environnement serein et agréable, où il fait bon se reposer. Une pièce idéale pour ceux qui souhaitent allier esthétique et bien-être au quotidien.",,EUR,,,,,Le lit CONFORT BLEU style contemporain combine structure panneau mousse et tissu microfibre bleu. Sommier intégré pour soutien optimal. Mobilier chambre environnement serein alliant esthétique et bien-être quotidien.,0.72 L222 * l175 * H130 (cm)|0.77 L222 * l195 * H130 (cm)|0.81 L222 * l215 * H130 (cm),,,,,,,L222 * l175 * H130 (cm)|L222 * l195 * H130 (cm)|L222 * l215 * H130 (cm),bleu,,,https://drmaxisliterie.re/assets/resources/products/9e8c0504-9c52-4951-ace0-a95509b8d271.png,https://drmaxisliterie.re/produit/39/lit-confort,https://drmaxisliterie.re/assets/resources/products/73c461dd-766f-471f-ac0b-cb3bf8d440c4.jpg|https://drmaxisliterie.re/assets/resources/products/b9b04685-c556-45f4-be36-4f58206ad324.jpg|https://drmaxisliterie.re/assets/resources/products/9e8c0504-9c52-4951-ace0-a95509b8d271.png|https://drmaxisliterie.re/assets/resources/products/e2fb27fa-f440-47cf-a3d5-0d6a61692a96.jpg|https://drmaxisliterie.re/assets/resources/products/270fbce1-ed3f-4069-a598-e1bbb34a47f0.png|https://drmaxisliterie.re/assets/resources/products/11c72268-8943-471d-9c13-d7c2ff6957c4.jpg|https://drmaxisliterie.re/assets/resources/products/265f6be1-2819-4b64-8c96-93fea4fef4c7.jpg|https://drmaxisliterie.re/assets/resources/products/5c8db53a-8bf3-4bea-a985-1e39214d26ed.jpg,,active,fr,public,2025-06-09 12:22:26
Lit Florence,flor,Lit,,"Le Lit Florence séduit par son design raffiné et son confort inégalé. Sa structure en panneaux de particules garnis de mousse offre une base solide et agréable, tandis que le revêtement en tissu velours côtelé épais blanc lui confère une touche de luxe et de douceur. Ce choix de tissu apporte une texture riche qui sublime le style de la chambre et crée une ambiance chaleureuse et accueillante. Le sommier intégré garantit un soutien optimal, alliant esthétique et praticité. Avec le Lit Florence, chaque nuit se transforme en une expérience de confort absolu, tout en apportant une note d’élégance discrète à votre espace.",,EUR,,,,,Le lit FLORENCE design raffiné combine tissu velours côtelé blanc et sommier intégré pour un confort absolu. Structure solide avec texture riche créant une ambiance chaleureuse et élégance discrète dans votre chambre.,0.44|0.47|0.49,,,,,,,,blanc|gris,,,https://drmaxisliterie.re/assets/resources/products/298af2c6-4b9c-49d8-b1ee-a25bff561841.png,https://drmaxisliterie.re/produit/40/lit-florence,https://drmaxisliterie.re/assets/resources/products/298af2c6-4b9c-49d8-b1ee-a25bff561841.png|https://drmaxisliterie.re/assets/resources/products/4b4d192d-e6d1-4a93-be49-590d016baaca.jpg,,active,fr,public,2025-06-09 12:25:41
Lit Lodes,lod,Lit,,"Le Lit Lodes combine simplicité et sophistication pour offrir un confort exceptionnel dans un design moderne. Sa structure en panneaux de particules garnis de mousse assure une solidité durable et un soutien agréable, tandis que son revêtement en microfibre gris apporte une touche de sobriété et de raffinement. Le tissu, doux au toucher, s’harmonise parfaitement avec tout type de décoration intérieure, ajoutant une note contemporaine à votre chambre. Le sommier intégré assure un soutien optimal pour un sommeil réparateur. Le Lit Lodes est l’alliance idéale entre confort et style minimaliste, pour créer un espace de repos à la fois élégant et pratique.",,EUR,,,,,Le lit LODES mobilier chambre combine design moderne et revêtement microfibre gris. Panneaux mousse durables avec sommier intégré pour style minimaliste. Décoration intérieure contemporaine élégante et pratique.,0.55|0.59,,,,,,,,gris|ivoire,,,https://drmaxisliterie.re/assets/resources/products/1a6a9d6c-6c82-4cab-97a0-752f7cede126.png,https://drmaxisliterie.re/produit/41/lit-lodes,https://drmaxisliterie.re/assets/resources/products/1a6a9d6c-6c82-4cab-97a0-752f7cede126.png|https://drmaxisliterie.re/assets/resources/products/52770975-8e5d-412a-9ffc-b650571e2634.jpg,,active,fr,public,2025-06-09 12:29:58
Sommier Confort,somc,sommier,,"Le Sommier Confort Tapissier est conçu pour offrir un soutien optimal et un confort supérieur. Sa structure en bois massif assure une solidité à toute épreuve, garantissant une durabilité et une stabilité exceptionnelles. Avec une épaisseur de 15 cm, ce sommier est équipé de lattes rigides, qui apportent un soutien ferme et uniforme à votre matelas, améliorant ainsi la qualité de votre sommeil. Recouvert de tissu de haute qualité, il s’intègre harmonieusement dans n'importe quel décor. Les pieds en bois ajoutent une touche élégante et moderne, complétant ainsi le design raffiné de ce sommier. Un choix idéal pour ceux qui recherchent confort, résistance et esthétique.",,EUR,,,,,"Le Sommier Confort Gris Dr. Maxis Literie offre soutien optimal et durabilité. Avec sa structure bois massif et lattes rigides, il garantit un sommeil réparateur et s'intègre élégamment à votre décor.",,,,,,,,,gris,,,https://drmaxisliterie.re/assets/resources/products/6723eeb4-127f-483c-8a21-c5b4fd15b12a.jpg,https://drmaxisliterie.re/produit/43/sommier-confort,https://drmaxisliterie.re/assets/resources/products/6723eeb4-127f-483c-8a21-c5b4fd15b12a.jpg,,active,fr,public,2025-06-09 13:41:43
Lit Horizon,8828,Lit,,"Le Lit Horizon évoque modernité et style avec une touche de confort incomparable. Sa structure en panneaux de particules garnis de mousse offre une combinaison parfaite de solidité et de douceur. Revêtu d’un tissu PU, il séduit par son aspect contemporain et facile d’entretien, idéal pour un intérieur chic et fonctionnel. Le sommier intégré repose sur un piètement en métal robuste, apportant une note industrielle subtile tout en garantissant une excellente stabilité. Avec son design épuré et ses finitions impeccables, le Lit Horizon s’impose comme le choix parfait pour transformer votre chambre en un espace moderne et apaisant.",,EUR,,,,,"Le Lit Horizon de Dr Maxis Literie La Réunion allie modernité et confort. Sa structure robuste et son design épuré, avec revêtement PU, créent une chambre apaisante et fonctionnelle.",0.8 L225 * l180 * H112 (cm)|0.80 L225 * l180 * H112 (cm)|0.90 L225 * l200 * H112 (cm)|L225 * l180 * H112 (cm)|L225 * l200 * H112 (cm),,,,,,,L225 * l180 * H112 (cm)|L225 * l200 * H112 (cm),bleu marine|gris claire|maron,,,https://drmaxisliterie.re/assets/resources/products/2be690f9-7888-48cd-a010-ae9c6c16443d.png,https://drmaxisliterie.re/produit/48/lit-horizon,https://drmaxisliterie.re/assets/resources/products/4a1cfdba-1c4e-4310-b205-a50858c90fdd.jpg|https://drmaxisliterie.re/assets/resources/products/2be690f9-7888-48cd-a010-ae9c6c16443d.png,,active,fr,public,2025-06-09 13:51:34
Sommier Coffre Maxine,scm,sommier,,"Découvrez le Sommier Coffre Maxine Gris Anthracite, une solution innovation de chez Dr Maxis Literie, votre spécialiste du sommeil à La Réunion. Ce sommier coffre n'est pas qu'une simple base de lit ; c'est un investissement intelligent pour optimiser votre espace de vie tout en garantissant un soutien optimal à votre matelas Dr Maxis Literie.  Son design moderne et épuré, rehaussé par son élégant revêtement en tissu Gris Anthracite, s'intègre parfaitement à toutes les décorations intérieures, apportant une touche de confort luxueux accessible. Le système d'ouverture pratique par relevage offre un accès aisé à un vaste espace de rangement dissimulé, idéal pour vos draps, couettes ou effets personnels. C'est la solution parfaite pour un intérieur organisé et une chambre à coucher sereine.  Conçu avec des matériaux de pointe et des techniques de fabrication avancées, le Sommier Coffre Maxine assure une durabilité exceptionnelle et contribue activement à une expérience sommeil exceptionnelle. Il offre une base solide et stable, essentielle pour un sommeil réparateur et un réveil revitalisé.",,EUR,,,,,Le Sommier Coffre Maxine Gris Anthracite de Dr Maxis Literie à La Réunion offre un rangement intelligent et un confort supérieur. Son design élégant optimise votre espace pour un sommeil réparateur exceptionnel.,,,,,,,,,gris anthracite,,,https://drmaxisliterie.re/assets/resources/products/055b4866-d1ce-4612-85a7-eb3eba561a26.jpg,https://drmaxisliterie.re/produit/802/sommier-coffre-maxine,https://drmaxisliterie.re/assets/resources/products/055b4866-d1ce-4612-85a7-eb3eba561a26.jpg,,active,fr,public,2025-06-09 14:05:37
Lit Coffre Maxine,vlicomax,Lit,,"Le Lit Coffre Maxine combine élégance et fonctionnalité avec sa structure en panneaux de particules revêtue d’un tissu gris foncé, apportant une touche contemporaine et sophistiquée à votre espace nuit. Doté d’un coffre généreux de 50 cm de hauteur, il offre une capacité de rangement optimale pour vos besoins quotidiens. Le plateau supérieur, en une seule pièce sur les deux déclinaisons, est équipé d’un système d’ouverture pratique grâce à deux vérins intégrés dans la structure. Le fond, réalisé en MDF de 6 mm d'épaisseur, est renforcé par une barre en bois pour une durabilité accrue. Le piètement en bois complète cet ensemble avec une esthétique chaleureuse et naturelle.",,EUR,,,,,Le Lit Coffre Maxine de Dr Maxis Literie combine élégance et rangement grâce à son coffre de 50 cm. Son design contemporain gris anthracite et sa structure robuste garantissent un sommeil stylé et organisé à La Réunion.,,,,,,,,,gris anthracite,,,https://drmaxisliterie.re/assets/resources/products/ecbba1b0-c20f-4f8e-a358-7589d0d5a0e7.jpg,https://drmaxisliterie.re/produit/811/lit-coffre-maxine,https://drmaxisliterie.re/assets/resources/products/ecbba1b0-c20f-4f8e-a358-7589d0d5a0e7.jpg,,active,fr,public,2025-06-09 14:09:03
Matelas Hotel 5,mh,Matelas,,"Le Matelas Hotel 5 ***** incarne l'excellence du sommeil haut de gamme, pensé pour offrir une expérience digne des plus grands établissements hôteliers. Recouvert d’un tissu Tencel luxueux et respirant, il combine plusieurs couches de confort avancées : mousse à mémoire de forme infusée de gel, latex naturel, ressorts nano encapsulés, et mousse PU haute densité. Son cœur repose sur un système de ressorts ensachés 7 zones de 20 cm, assurant un soutien ergonomique et une indépendance de couchage exceptionnelle. L'ensemble est enveloppé dans un élégant tissu en velours, pour une finition raffinée et durable.    GARANTIE 7 ANS. Le Matelas Hotel 5 ***** s’adresse aux professionnels de l’hôtellerie de luxe ainsi qu’aux particuliers recherchant un confort exclusif et une qualité irréprochable. Idéal pour les établissements 4 et 5 étoiles soucieux de garantir un sommeil parfait à leurs clients, il convient également aux amateurs de literie premium souhaitant recréer chez eux l’expérience unique des grandes chaînes hôtelières. C’est le choix des connaisseurs qui ne font aucun compromis sur le soutien, la ventilation et la durabilité.",,EUR,,,,,"Le Matelas Hôtel 5 étoiles de Dr Maxis Literie La Réunion offre un sommeil haut de gamme. Composé de mousse mémoire, latex et ressorts ensachés, il assure confort, soutien optimal et ventilation. Idéal pour un sommeil réparateur de luxe.",,,,,,,,,,,,https://drmaxisliterie.re/assets/resources/products/21a4358e-a744-49e0-bc77-f499985b0a2d.jpg,https://drmaxisliterie.re/produit/864/matelas-hotel-5,https://drmaxisliterie.re/assets/resources/products/b6427fff-3f2b-4b7d-909e-d5e7479d3b12.jpg|https://drmaxisliterie.re/assets/resources/products/21a4358e-a744-49e0-bc77-f499985b0a2d.jpg|https://drmaxisliterie.re/assets/resources/products/e96ffddd-96be-4594-b5d2-0a590380170c.jpg|https://drmaxisliterie.re/assets/resources/products/f218cee3-1f6d-4bf2-9bc3-f5e2d9f63df8.jpg|https://drmaxisliterie.re/assets/resources/products/6016b8e2-be73-4377-aa4e-609294044191.jpg,,active,fr,public,2025-06-09 14:14:26
Matelas NEW LODGE,MNL,Matelas,,"Le Matelas LODGE offre un confort optimal grâce à sa mousse à mémoire de forme aérée et sa mousse convolutée épaisse, réduisant les points de pression. Ses ressorts ensachés et son encadrement en mousse assurent stabilité et ventilation, maintenant une température idéale. Ce matelas garantit une relaxation maximale, même dans des environnements froids, grâce à la souplesse de la mousse. Il résiste à l'humidité, assurant une hygiène parfaite. Idéal pour un sommeil réparateur, il combine confort et performance.    GARANTIE 7 ANS. Le Matelas LODGE est parfait pour les personnes recherchant un confort haut de gamme avec un soutien sur mesure et une ventilation optimale. Idéal pour ceux qui ont des problèmes de chaleur pendant la nuit, il est également adapté aux environnements frais grâce à sa capacité à conserver la souplesse et la chaleur. Ce matelas est un choix parfait pour les consommateurs soucieux de l'environnement, cherchant un produit durable, confortable et respectueux des ressources naturelles. Un excellent choix pour les dormeurs sensibles à la chaleur et à l'humidité, tout en offrant une expérience de sommeil luxueuse.",,EUR,,,,,"Le Matelas LODGE offre un confort optimal grâce à sa mousse à mémoire de forme aérée et sa mousse convolutée épaisse, réduisant les points de pression. Ses ressorts ensachés et son encadrement en mousse assurent stabilité et ventilation, maintenant une température idéale. Ce matelas garantit une relaxation maximale, même dans des environnements froids, grâce à la souplesse de la mousse. Il résiste à l'humidité, assurant une hygiène parfaite. Idéal pour un sommeil réparateur, il combine confort et performance.",,,,"matelas Lodge, matelas mémoire de forme, matelas ressorts ensachés, matelas ventilé, matelas anti-humidité, matelas haut de gamme Réunion, literie confort Réunion, matelas écologique, matelas durable, matelas pour environnement frais, matelas pour dormeur sensible à la chaleur, literie de qualité Réunion, matelas confortable et respirant",,,,,,,,https://drmaxisliterie.re/assets/resources/products/16bb8bf0-63a7-48db-81cb-6f7bba8a03d0.jpg,https://drmaxisliterie.re/produit/875/matelas-new-lodge,https://drmaxisliterie.re/assets/resources/products/16bb8bf0-63a7-48db-81cb-6f7bba8a03d0.jpg,,active,fr,public,2025-07-29 16:05:27
Matelas NEW ROYAL 4 ETOILES,MNR4E,Matelas,,"Le Matelas ROYAL 4 Étoiles offre un confort optimal grâce à sa mousse à mémoire de forme avec gel et ses micro-ressorts ensachés. Sa fibre Eco Confort régule la température pour une sensation de fraîcheur. L'encadrement en mousse et les couches épaisses soulignent son soutien précis. Le tissu en coton traité et la mousse Dacron apportent douceur et confort. Un matelas conçu pour un sommeil réparateur de qualité supérieure.    GARANTIE 10 ANS. Le Matelas ROYAL 4 Étoiles est conçu pour les personnes à la recherche d’un confort haut de gamme avec un soutien personnalisé et une qualité de sommeil optimale. Il est idéal pour les couples, les personnes ayant des besoins spécifiques en matière de soutien (comme les douleurs dorsales ou cervicales), ou encore pour ceux qui souhaitent investir dans un matelas durable et performant. Ce matelas offre un équilibre parfait entre confort, soutien et régulation thermique, parfait pour ceux qui apprécient un sommeil profond et réparateur.",,EUR,,,,,Le Matelas ROYAL 4 Étoiles offre un confort optimal grâce à sa mousse à mémoire de forme avec gel et ses micro-ressorts ensachés. Sa fibre Eco Confort régule la température pour une sensation de fraîcheur. L'encadrement en mousse et les couches épaisses soulignent son soutien précis. Le tissu en coton traité et la mousse Dacron apportent douceur et confort. Un matelas conçu pour un sommeil réparateur de qualité supérieure.,,,,"matelas Royal 4 Étoiles, matelas mémoire de forme avec gel, matelas micro-ressorts ensachés, matelas haut de gamme Réunion, matelas pour douleurs dorsales, matelas pour douleurs cervicales, matelas pour couple, matelas régulation thermique, matelas confort supérieur, matelas durable et performant, matelas sommeil profond, literie luxe Réunion",,,,,,,,https://drmaxisliterie.re/assets/resources/products/aa3bd9e6-f86b-45ee-974d-1c71747e7973.jpg,https://drmaxisliterie.re/produit/876/matelas-new-royal-4-etoiles,https://drmaxisliterie.re/assets/resources/products/aa3bd9e6-f86b-45ee-974d-1c71747e7973.jpg,,active,fr,public,2025-07-29 16:20:05
Matelas NEW SUPREME 5 ZONES,MNS5Z,Matelas,,"Le Matelas SUPREME 5 ZONES offre un confort personnalisé grâce à ses ressorts ensachés à 5 zones de confort, adaptant le soutien aux différentes parties du corps. La mousse à mémoire de forme en gel réduit les points de pression et régule la température pour un sommeil réparateur. L'encadrement en mousse améliore la stabilité. Ce matelas assure un alignement optimal de la colonne vertébrale, garantissant un confort supérieur. Il est également traité contre les acariens et les allergies.    GARANTIE 7 ANS. Le Matelas SUPREME 5 ZONES est spécialement conçu pour les personnes recherchant un matelas à la fois ferme et confortable, avec un soutien ciblé pour chaque zone du corps. Parfait pour les personnes souffrant de douleurs musculaires ou articulaires, il est également idéal pour les individus ayant des sensibilités aux allergies grâce à ses traitements spécifiques. Sa fermeté moyenne et ses zones de soutien adaptatives en font un choix optimal pour les couples ou ceux ayant des besoins de confort variés. Ce matelas est une solution parfaite pour ceux qui privilégient un sommeil réparateur et une hygiène impeccable.",,EUR,,,,,"Le Matelas SUPREME 5 ZONES offre un confort personnalisé grâce à ses ressorts ensachés à 5 zones de confort, adaptant le soutien aux différentes parties du corps. La mousse à mémoire de forme en gel réduit les points de pression et régule la température pour un sommeil réparateur. L'encadrement en mousse améliore la stabilité. Ce matelas assure un alignement optimal de la colonne vertébrale, garantissant un confort supérieur. Il est également traité contre les acariens et les allergies.",,,,"matelas Supreme 5 Zones, matelas à 5 zones de confort, matelas mémoire de forme gel, matelas soutien ciblé, matelas pour douleurs musculaires, matelas pour douleurs articulaires, matelas anti-acariens, matelas anti-allergie, matelas ferme et confortable, matelas haut de gamme Réunion, literie ergonomique Réunion, matelas pour couple, matelas alignement colonne vertébrale",,,,,,,,https://drmaxisliterie.re/assets/resources/products/be08dcdb-fbbf-4939-81b3-ba84cc5f43ce.jpg,https://drmaxisliterie.re/produit/877/matelas-new-supreme-5-zones,https://drmaxisliterie.re/assets/resources/products/be08dcdb-fbbf-4939-81b3-ba84cc5f43ce.jpg,,active,fr,public,2025-07-29 16:27:21
LIT BUBBLE,LT-B,Lit,,"Le Lit Bubble allie élégance sobre et solidité naturelle. Son cadre raffiné accueille 13 lattes en bois, offrant un soutien équilibré et durable. Pensé pour s’intégrer avec harmonie dans les intérieurs contemporains comme classiques, il incarne la simplicité haut de gamme, avec des matériaux soigneusement sélectionnés pour garantir confort et stabilité au quotidien. Une pièce essentielle pour une chambre au style épuré et chaleureux.",,EUR,,,,,"Le Lit Bubble allie élégance sobre et solidité naturelle. Son cadre raffiné accueille 13 lattes en bois,",,,,,,,,,gris,,,https://drmaxisliterie.re/assets/resources/products/f4a7c063-ccb8-4ca4-b7e7-a98f955a740d.png,https://drmaxisliterie.re/produit/903/lit-bubble,https://drmaxisliterie.re/assets/resources/products/f4a7c063-ccb8-4ca4-b7e7-a98f955a740d.png|https://drmaxisliterie.re/assets/resources/products/d0dfb853-3eaa-4bf5-bbe9-80eadc180cc8.jpg|https://drmaxisliterie.re/assets/resources/products/6657d807-ac91-499a-b281-a8875016f234.jpg,,active,fr,public,2025-09-16 09:09:33
Lit CHARNEL,LT-C-AT,Lit,,"Offrez-vous des nuits d'exception avec le Lit CHARNEL, alliance parfaite entre élégance et confort. Son cadre sobre et raffiné repose sur de solides pieds en bois, apportant une touche naturelle et chaleureuse à votre espace nuit. Grâce à ses 12 rangées de lattes en bois, il garantit un soutien optimal et un confort durable. Le Lit CHARNEL incarne le mariage du design intemporel et de la qualité supérieure, pour un sommeil à la hauteur de vos exigences.",,EUR,,,,,"Offrez-vous des nuits d'exception avec le Lit CHARNEL, alliance parfaite entre élégance et confort.",,,,,,,,,gris,,,https://drmaxisliterie.re/assets/resources/products/15740f4a-972a-47b0-9987-721520f0f03e.png,https://drmaxisliterie.re/produit/902/lit-charnel,https://drmaxisliterie.re/assets/resources/products/24b96e07-224c-4b32-8831-244b71deb3c6.jpg|https://drmaxisliterie.re/assets/resources/products/15740f4a-972a-47b0-9987-721520f0f03e.png|https://drmaxisliterie.re/assets/resources/products/1486f770-d8fb-485b-86ab-5b0767c408bd.png,,active,fr,public,2025-09-16 10:04:25
Lit LUNA,LT-L-AT,Lit,,"Plongez dans un univers de confort et de raffinement avec le Lit LUNA. Son cadre élégant s'accompagne de 12 ou 13 rangées de lattes en bois, offrant un soutien précis et durable pour un sommeil réparateur. Avec son design épuré et ses finitions soignées, le Lit LUNA s'impose comme un choix idéal pour sublimer votre chambre avec discrétion et élégance. Un modèle pensé pour allier esthétique intemporelle et qualité supérieure.",,EUR,,,,,Plongez dans un univers de confort et de raffinement avec le Lit LUNA,,,,,,,,,gris,,,https://drmaxisliterie.re/assets/resources/products/bf92e055-3171-460d-8561-eb2be0992434.jpg,https://drmaxisliterie.re/produit/901/lit-luna,https://drmaxisliterie.re/assets/resources/products/bf92e055-3171-460d-8561-eb2be0992434.jpg,,active,fr,public,2025-09-16 10:10:13
Matelas Hôtel & Spa,MHS,Matelas,,"Le Matelas HÔTEL & SPA a été conçu pour offrir une expérience de sommeil inédite, alliant confort sur mesure et bien-être absolu. Sa technologie hybride combine mousse haute densité et ressorts ensachés pour un soutien optimal et une stabilité durable, tout en réduisant les points de pression. La conception à zones corporelles cible les épaules, le dos, les lombaires et les jambes, garantissant un alignement parfait et une meilleure circulation.  Grâce à sa fonction massage intégrée et pilotée par télécommande, ce matelas propose différents programmes personnalisables (vague, pulsation, etc.), favorisant une relaxation profonde et un relâchement des tensions musculaires. La pompe à air silencieuse assure un gonflage et un dégonflage fluides, pour un réglage pratique et sans effort. Enfin, sa protection anti-acariens et antibactérienne garantit une hygiène impeccable et une longévité renforcée.",,EUR,,,,,"Le Matelas HÔTEL & SPA a été conçu pour offrir une expérience de sommeil inédite, alliant confort sur mesure et bien-être absolu.",,,,,,,,,,,,https://drmaxisliterie.re/assets/resources/products/daededcc-3612-40f9-b3dd-6558f55b4023.jpg,https://drmaxisliterie.re/produit/906/matelas-hotel-spa,https://drmaxisliterie.re/assets/resources/products/13c93931-a912-4c6b-88ab-2001df00ad73.webp|https://drmaxisliterie.re/assets/resources/products/daededcc-3612-40f9-b3dd-6558f55b4023.jpg|https://drmaxisliterie.re/assets/resources/products/11619f9c-649b-4c46-b59d-a8d32e5c404c.webp|https://drmaxisliterie.re/assets/resources/products/d3475895-cfab-4f8f-973e-247c93ce079b.webp,,active,fr,public,2025-10-15 12:31:30
Matelas ONYX,M-ONYX,Matelas,,"Le Matelas Onyx Hybrid associe technologie avancée et confort enveloppant pour offrir un équilibre optimal entre soutien et accueil. Revêtu d’une housse supérieure matelassée en textile respirant, il intègre plusieurs couches de confort progressif : mousse d’accueil haute résilience, mousse à mémoire de forme pour l’adaptation morphologique, et mousse profilée favorisant la ventilation et la réduction des points de pression. Son cœur repose sur un système de ressorts ensachés individuellement, renforcé par un encadrement périphérique en mousse haute densité garantissant stabilité et durabilité. Les couches de stabilisation inférieures assurent une parfaite répartition du poids et une excellente indépendance de couchage, le tout habillé d’une finition latérale élégante et robuste.",,EUR,,,,,"Découvrez le Matelas ONYX Hybrid : matelas hybride avec ressorts ensachés, mousse mémoire de forme et mousse haute résilience pour un confort optimal, un excellent soutien et une parfaite indépendance de couchage.",,,,"matelas onyx, matelas hybride, matelas ressorts ensachés, matelas mémoire de forme, matelas confort ferme, matelas soutien ergonomique, matelas respirant, matelas haute résilience, matelas indépendance de couchage, matelas premium, matelas ventilé, matelas durable, matelas hotel qualité, matelas Dr Maxis Literie",,,,,,,,https://drmaxisliterie.re/assets/resources/products/69a56df8-fca9-4359-bdb0-ecef070fac8e.jpeg,https://drmaxisliterie.re/produit/941/matelas-onyx,https://drmaxisliterie.re/assets/resources/products/69a56df8-fca9-4359-bdb0-ecef070fac8e.jpeg|https://drmaxisliterie.re/assets/resources/products/8df15931-9740-4f3f-8efb-ef142b15df1d.jpeg|https://drmaxisliterie.re/assets/resources/products/f54b3bd0-a7b8-4656-8f68-a101af46838e.jpeg|https://drmaxisliterie.re/assets/resources/products/43dec951-61f3-4e94-9590-c113075294c5.jpeg|https://drmaxisliterie.re/assets/resources/products/fb74352a-eaa9-4ff2-9dff-e103ad8a3d55.jpeg,,active,fr,public,2026-03-09 08:16:42
Matelas RESORT,M-RSRT,Matelas,,"Le matelas RESORT se positionne sur un segment haut de gamme, alliant confort premium et soutien ergonomique avancé. Sa surface en tissu Tencel offre une sensation soyeuse, respirante et naturellement thermorégulée. Il intègre un assemblage de matériaux nobles et techniques, dont une couche de latex naturel de 5 cm pour une élasticité et une ventilation optimales, associée à des mousses haute densité apportant confort progressif et maintien renforcé. Son cœur est composé de ressorts ensachés indépendants 5 zones de 22 cm, avec renfort périphérique, assurant un excellent soutien du corps et une indépendance de couchage performante. La structure est complétée par des fibres polyester et une base antidérapante 3D pour une stabilité et une durabilité accrues.    Le matelas RESORT s’adresse à une clientèle exigeante recherchant un confort haut de gamme proche des standards hôteliers. Il convient particulièrement aux dormeurs souhaitant un équilibre entre soutien ferme et élasticité naturelle, ainsi qu’aux personnes sensibles à la respirabilité et aux matériaux plus qualitatifs comme le latex. Idéal pour un usage quotidien premium, il est également parfaitement adapté aux établissements hôteliers ou locations de standing souhaitant proposer une expérience de sommeil supérieure.",,EUR,,,,,"Le matelas RESORT se positionne sur un segment haut de gamme, alliant confort premium et soutien ergonomique avancé. Sa surface en tissu Tencel offre une sensation soyeuse, respirante et naturellement thermorégulée.",,,,,,,,,,,,https://drmaxisliterie.re/assets/resources/products/111cb90a-978f-4b6f-9f69-a7d5a0ee8167.png,https://drmaxisliterie.re/produit/945/matelas-resort,https://drmaxisliterie.re/assets/resources/products/887faa32-0b78-47e2-926a-d31acb17ab4e.jpg|https://drmaxisliterie.re/assets/resources/products/111cb90a-978f-4b6f-9f69-a7d5a0ee8167.png|https://drmaxisliterie.re/assets/resources/products/3e4434a4-14fd-4220-a0d8-7206de929686.jpg,,active,fr,public,2026-03-25 08:57:39
Matelas PALACIO,M-PLC,Matelas,,"Le matelas PALACIO offre un confort équilibré entre douceur et soutien, grâce à une conception hybride combinant matériaux techniques et accueil moelleux. Sa surface en tissu jersey tricoté apporte une sensation de douceur immédiate, associée à des fibres polyester et un rembourrage éco-responsable sans colle. Les différentes couches de mousses haute densité et haute résilience assurent un confort progressif et durable. Son cœur en ressorts ensachés indépendants, renforcé par des supports en forme de “M” et un encadrement en mousse haute densité, garantit un excellent maintien, une bonne indépendance de couchage et une stabilité périphérique renforcée. La base intègre une structure antidérapante 3D pour une parfaite tenue du matelas.    Le PALACIO s’adresse aux utilisateurs recherchant un matelas polyvalent offrant un bon compromis entre confort et soutien, sans sensation trop ferme. Il convient particulièrement aux couples grâce à son indépendance de couchage, ainsi qu’aux dormeurs souhaitant un accueil doux avec un maintien fiable sur le long terme. Ce modèle est adapté à un usage quotidien, aussi bien en résidence principale qu’en environnement hôtelier ou locatif.",,EUR,,,,,"Le matelas PALACIO offre un confort équilibré entre douceur et soutien, grâce à une conception hybride combinant matériaux techniques et accueil moelleux. Sa surface en tissu jersey tricoté apporte une sensation de douceur immédiate, associée à des fibres polyester et un rembourrage éco-responsable sans colle.",,,,,,,,,,,,https://drmaxisliterie.re/assets/resources/products/2cdcecd8-053b-4098-8668-358b3ce12861.png,https://drmaxisliterie.re/produit/948/matelas-palacio,https://drmaxisliterie.re/assets/resources/products/2cdcecd8-053b-4098-8668-358b3ce12861.png,,active,fr,public,2026-03-25 09:02:03
Lit RIVIERA,L-RVR,Lit,,"Évadez-vous avec le Lit RIVIERA, un modèle aux lignes douces et enveloppantes. Sa tête de lit large et arrondie crée une atmosphère chaleureuse et cocooning. Design bas et fluide, lattes en bois pour un confort optimal, le Lit RIVIERA invite à la détente absolue. Un modèle pensé pour ceux qui privilégient le bien-être et l’élégance naturelle.    Amateurs d’ambiances douces et enveloppantes, couples ou personnes seules cherchant un lit cocooning aux formes organiques.",,EUR,,,,,"Évadez-vous avec le Lit RIVIERA, un modèle aux lignes douces et enveloppantes. Sa tête de lit large et arrondie crée une atmosphère chaleureuse et cocooning.",,,,,,,,,,,,https://drmaxisliterie.re/assets/resources/products/f46d191e-6eaf-4966-9736-63c6d55b353d.png,https://drmaxisliterie.re/produit/1008/lit-riviera,https://drmaxisliterie.re/assets/resources/products/ecfbdf6f-67bc-4988-9985-342e1c88733f.png|https://drmaxisliterie.re/assets/resources/products/f46d191e-6eaf-4966-9736-63c6d55b353d.png|https://drmaxisliterie.re/assets/resources/products/56a9b662-8c10-455b-a670-ebf2199308be.png,,active,fr,public,2026-04-27 08:47:17
Lit IMPERIAL,L-MPR,Lit,,"Découvrez le Lit IMPERIAL, l’essence même de la simplicité élégante. Ses lignes basses et nettes, son design épuré et minimaliste en font un modèle intemporel qui s’intègre dans tous les intérieurs. Doté de lattes en bois pour un soutien optimal, le Lit IMPERIAL prouve que le luxe réside dans la simplicité. Pour les amateurs d’élégance discrète et de design pur.    Amateurs de design minimaliste et épuré, jeunes couples ou professionnels recherchant un lit sobre et élégant, intérieurs modernes.",,EUR,,,,,"Découvrez le Lit IMPERIAL, l’essence même de la simplicité élégante. Ses lignes basses et nettes, son design épuré et minimaliste en font un modèle intemporel qui s’intègre dans tous les intérieurs.",,,,,,,,,,,,https://drmaxisliterie.re/assets/resources/products/4348bca5-a09f-4ef6-a567-ed3aa8866412.png,https://drmaxisliterie.re/produit/1014/lit-imperial,https://drmaxisliterie.re/assets/resources/products/d1e891af-6583-447a-92ad-d5ff732059bc.png|https://drmaxisliterie.re/assets/resources/products/4348bca5-a09f-4ef6-a567-ed3aa8866412.png|https://drmaxisliterie.re/assets/resources/products/76d2985e-9eca-4400-bba0-5f2a6cef0faf.png,,active,fr,public,2026-04-27 08:54:28
Lit WINDSOR,L-WNDSR,Lit,,"Offrez-vous le charme authentique du Lit WINDSOR. Son panneau central texturé encadré de bois apparent marie subtilement matières nobles et tissu d’exception. Avec ses lattes en bois assurant un maintien parfait, le Lit WINDSOR apporte une touche chalet haut de gamme à votre intérieur. Idéal pour créer une atmosphère chaleureuse et élégante.    Amateurs de décoration naturelle et chaleureuse, style chalet chic ou campagne élégante, couples appréciant le mélange bois et tissu.",,EUR,,,,,Offrez-vous le charme authentique du Lit WINDSOR. Son panneau central texturé encadré de bois apparent marie subtilement matières nobles et tissu d’exception.,,,,,,,,,,,,https://drmaxisliterie.re/assets/resources/products/85c2a926-e07d-4eea-8201-9466dacf4f7e.png,https://drmaxisliterie.re/produit/1011/lit-windsor,https://drmaxisliterie.re/assets/resources/products/85c2a926-e07d-4eea-8201-9466dacf4f7e.png|https://drmaxisliterie.re/assets/resources/products/de81566e-33b7-4c46-b845-b585ca99ecc2.png|https://drmaxisliterie.re/assets/resources/products/1f38f3ef-ed70-422e-b4d6-9173455787be.png,,active,fr,public,2026-04-27 09:00:39
Lit BALMORAL,L-BLMRL,Lit,,"Le Lit BALMORAL conjugue élégance et fonctionnalité. Ses courbes douces et sa tête de lit arrondie créent un design fluide et organique, tandis que son coffre de rangement intégré avec vérins à gaz offre un espace de stockage généreux. Lattes en bois et finitions soignées, le Lit BALMORAL est le choix parfait pour optimiser votre espace sans compromis sur le style.    Couples ou familles recherchant un lit avec rangement intégré, petits espaces nécessitant de l’optimisation, amateurs de design aux courbes douces.",,EUR,,,,,"Le Lit BALMORAL conjugue élégance et fonctionnalité. Ses courbes douces et sa tête de lit arrondie créent un design fluide et organique, tandis que son coffre de rangement intégré avec vérins à gaz offre un espace de stockage généreux.",,,,,,,,,,,,https://drmaxisliterie.re/assets/resources/products/15286c9a-e89d-41b8-a950-b24c47755857.png,https://drmaxisliterie.re/produit/1017/lit-balmoral,https://drmaxisliterie.re/assets/resources/products/15286c9a-e89d-41b8-a950-b24c47755857.png|https://drmaxisliterie.re/assets/resources/products/6e0bf806-c645-414b-b37e-960582f545f8.png|https://drmaxisliterie.re/assets/resources/products/7e4b226d-37de-4d07-a33e-4f716c77ab52.png,,active,fr,public,2026-04-27 09:05:38
Lit AMBASSADOR,L-MBSDR,Lit,,"Découvrez le Lit AMBASSADOR, un modèle au design graphique et structuré. Sa tête de lit haute, rythmée par des lignes verticales élégantes, confère à votre chambre une allure architecturale et contemporaine. Doté de lattes en bois pour un soutien optimal, le Lit AMBASSADOR allie caractère affirmé et confort haut de gamme. Un choix idéal pour ceux qui recherchent un lit à la présence forte et au style résolument moderne.    Amateurs de décoration contemporaine et de lignes épurées, couples ou célibataires souhaitant une pièce maîtresse au design affirmé pour leur chambre.",,EUR,,,,,"Découvrez le Lit AMBASSADOR, un modèle au design graphique et structuré. Sa tête de lit haute, rythmée par des lignes verticales élégantes, confère à votre chambre une allure architecturale et contemporaine.",,,,,,,,,,,,https://drmaxisliterie.re/assets/resources/products/87beb6dc-42cb-4ecf-bb6d-3c90ee26d31f.png,https://drmaxisliterie.re/produit/1002/lit-ambassador,https://drmaxisliterie.re/assets/resources/products/87beb6dc-42cb-4ecf-bb6d-3c90ee26d31f.png|https://drmaxisliterie.re/assets/resources/products/7e4887f6-2215-49ea-9f28-7aa142ba9eff.png|https://drmaxisliterie.re/assets/resources/products/ec2f9fa4-91e0-46c2-8fad-e81b3d4acee2.png,,active,fr,public,2026-04-27 09:18:12
Sommier CARLTON,S-CRLTN,sommier,,"Entrez dans l’ère du confort intelligent avec le Sommier  CARLTON. Ce sommier électrique motorisé offre un réglage précis de la têtière et des pieds pour une position de sommeil ou de détente sur mesure. Son design contemporain s’intègre parfaitement dans les intérieurs modernes. Le Sommier  CARLTON, c’est le luxe de la technologie au service de votre bien-être.    Seniors ou personnes à mobilité réduite, amateurs de technologie et de confort personnalisé, couples recherchant un sommier réglable haut de gamme.",,EUR,,,,,Entrez dans l’ère du confort intelligent avec le Sommier  CARLTON. Ce sommier électrique motorisé offre un réglage précis de la têtière et des pieds pour une position de sommeil ou de détente sur mesure.,,,,,,,,,,,,https://drmaxisliterie.re/assets/resources/products/d2996c17-581b-41a7-b0d6-c06d8321941c.png,https://drmaxisliterie.re/produit/1020/sommier-carlton,https://drmaxisliterie.re/assets/resources/products/d2996c17-581b-41a7-b0d6-c06d8321941c.png|https://drmaxisliterie.re/assets/resources/products/fcff4c9f-3707-40f3-84e9-1f156614d1cf.png|https://drmaxisliterie.re/assets/resources/products/e42287d6-dbba-4428-9abe-2f11ede893a8.png,,active,fr,public,2026-04-27 09:30:31
Lit MAJESTIC,L-MJSTC,Lit,,"Laissez-vous séduire par le Lit MAJESTIC, véritable pièce maîtresse de votre chambre. Sa tête de lit imposante avec capitonnage vertical et ses ailettes latérales lui confèrent une allure théâtrale et majestueuse. Fabriqué avec des lattes en bois pour un maintien durable, le Lit MAJESTIC transforme votre espace en un écrin de luxe et de raffinement. Pour ceux qui n’acceptent rien de moins que l’excellence.    Couples recherchant un lit spectaculaire et luxueux, passionnés de décoration intérieure haut de gamme, chambres parentales spacieuses.",,EUR,,,,,"Laissez-vous séduire par le Lit MAJESTIC, véritable pièce maîtresse de votre chambre. Sa tête de lit imposante avec capitonnage vertical et ses ailettes latérales lui confèrent une allure théâtrale et majestueuse.",,,,,,,,,,,,https://drmaxisliterie.re/assets/resources/products/70e0b642-759d-4227-aa7a-58ea36516a7e.png,https://drmaxisliterie.re/produit/1005/lit-majestic,https://drmaxisliterie.re/assets/resources/products/70e0b642-759d-4227-aa7a-58ea36516a7e.png|https://drmaxisliterie.re/assets/resources/products/d89ead30-44de-4dce-b195-123aca173754.png|https://drmaxisliterie.re/assets/resources/products/968f49de-e7cb-4df4-ae6c-0c88bb1235bd.png,,active,fr,public,2026-04-27 09:36:50
